{"cameraMode":{"drawMode":0,"name":"Shaded","section":"Shading Mode"},"sceneLighting":true,"audioPlay":false,"sceneViewState":{"showFog":false,"showMaterialUpdate":false,"showSkybox":false,"showFlares":false,"showImageEffects":false,"showParticleSystems":true},"in2DMode":false,"pivot":{"x":1.7577966451644898,"y":-4.935092926025391,"z":25.771059036254884},"rotation":{"x":-0.2988661527633667,"y":-0.2379966527223587,"z":0.07723797857761383,"w":-0.9209102988243103},"size":10.618159294128418,"orthographic":false}